,theta_t1,T,T_D,T_S,pi_D,RmRf_all,RmRf_D,RmRf_S
0,0.215,103,29,74,0.2815533980582524,0.41941747572815535,-1.0931034482758621,1.0121621621621621
